SRR_ID,Assignment,GEO Accession,Patient Number,Patient Code,Assignment,Age at Diagnosis,Gender,Site of Tumor,Chemo,RIN,,,,,,,,,,
SRR5644750,NORMAL,GSM2649697,OSVN001L_BC2,OSVN001,NORMAL,16,Female,Femur,Yes,4,,,,,,,,,,
SRR5644749,TUMOR,GSM2649696,OSVN001B_BC1,OSVN001,TUMOR,16,Female,Femur,Yes,4,,,,,,,,,,
SRR5644753,NORMAL,GSM2649700,OSVN003L_BC5,OSVN003,NORMAL,13,Male,Femur,Yes,6.3,,,,,,,,,,
SRR5644754,TUMOR,GSM2649701,OSVN003M_BC6,OSVN003,TUMOR,13,Male,Femur,Yes,7.9,,,,,,,,,,
SRR5644755,NORMAL,GSM2649702,OSVN004B_BC,OSVN004,NORMAL,16,Female,Femur,Yes,6.4,,,,,,,,,,
SRR5644756,TUMOR,GSM2649703,OSVN004L_BC8,OSVN004,TUMOR,16,Female,Femur,Yes,6.3,,,,,,,,,,
SRR5644758,NORMAL,GSM2649705,OSVN005N_BC10,OSVN005,NORMAL,18,Male,Femur,Yes,4.3,,,,,,,,,,
SRR5644757,TUMOR,GSM2649704,OSVN005M_BC9,OSVN005,TUMOR,18,Male,Femur,Yes,8.3,,,,,,,,,,
SRR5644760,NORMAL,GSM2649707,OSVN006L_BC12,OSVN006,NORMAL,18,Male,Femur,Yes,2,,,,,,,,,,
SRR5644759,TUMOR,GSM2649706,OSVN006B_BC11,OSVN006,TUMOR,18,Male,Femur,Yes,6,,,,,,,,,,
SRR5644764,NORMAL,GSM2649711,OSHN008L_BC4,OSHN008,NORMAL,24,Female,Tibia,No,8.1,,,,,,,,,,
SRR5644763,TUMOR,GSM2649710,OSHN008B_BC,OSHN008,TUMOR,24,Female,Tibia,No,N/A,,,,,,,,,,
SRR5644761,NORMAL,GSM2649708,OSVN008B_BC1,OSVN008,NORMAL,52,Male,Femur,Yes,6,,,,,,,,,,
SRR5644762,TUMOR,GSM2649709,OSVN008M_BC2,OSVN008,TUMOR,52,Male,Femur,Yes,5.9,,,,,,,,,,
SRR5644766,NORMAL,GSM2649713,OSHN009L_BC6,OSHN009,NORMAL,16,Male,Femur,Yes,5.5,,,,,,,,,,
SRR5644765,TUMOR,GSM2649712,OSHN009B_BC5,OSHN009,TUMOR,16,Male,Femur,Yes,8.6,,,,,,,,,,
SRR5644768,NORMAL,GSM2649715,OSHN010N_BC8,OSHN010,NORMAL,20,Female,Femur,Yes,7.4,,,,,,,,,,
SRR5644767,TUMOR,GSM2649714,OSHN010B_BC7,OSHN010,TUMOR,20,Female,Femur,Yes,6.8,,,,,,,,,,
SRR5644770,NORMAL,GSM2649717,OSHN011N_BC10,OSHN011,NORMAL,7,Male,Tibia,Yes,7.7,,,,,,,,,,
SRR5644769,TUMOR,GSM2649716,OSHN011B_BC9,OSHN011,TUMOR,7,Male,Tibia,Yes,8.7,,,,,,,,,,
SRR5644772,NORMAL,GSM2649719,OSHN012L_BC12,OSHN012,NORMAL,11,Male,Humerus,No,6.3,,,,,,,,,,
SRR5644771,TUMOR,GSM2649718,OSHN012B_BC11,OSHN012,TUMOR,11,Male,Humerus,No,8.3,,,,,,,,,,
SRR5644774,NORMAL,GSM2649721,OSHN013L_BC2,OSHN013,NORMAL,17,Male,Femur,No,6.1,,,,,,,,,,
SRR5644773,TUMOR,GSM2649720,OSHN013B_BC1,OSHN013,TUMOR,17,Male,Femur,No,7.9,,,,,,,,,,
SRR5644776,NORMAL,GSM2649723,OSHN014L_BC4,OSHN014,NORMAL,16,Female,Tibia,Yes,8.4,,,,,,,,,,
SRR5644775,TUMOR,GSM2649722,OSHN014B_BC3,OSHN014,TUMOR,16,Female,Tibia,Yes,7.4,,,,,,,,,,
SRR5644777,NORMAL,GSM2649724,OSVN015B_BC5,OSVN015,NORMAL,15,Male,Tibia,Yes,8.4,,,,,,,,,,
SRR5644778,TUMOR,GSM2649725,OSVN015M_BC6,OSVN015,TUMOR,15,Male,Tibia,Yes,5.6,,,,,,,,,,
SRR5644780,NORMAL,GSM2649727,OSHN015L_BC8,OSHN015,NORMAL,8,Female,Tibia,Yes,8.4,,,,,,,,,,
SRR5644779,TUMOR,GSM2649726,OSHN015B_BC7,OSHN015,TUMOR,8,Female,Tibia,Yes,N/A,,,,,,,,,,
SRR5644782,NORMAL,GSM2649729,OSHN016L_BC10,OSHN016,NORMAL,20,Male,Femur,Yes,3.3,,,,,,,,,,
SRR5644781,TUMOR,GSM2649728,OSHN016B_BC9,OSHN016,TUMOR,20,Male,Femur,Yes,9.4,,,,,,,,,,
SRR5644783,NORMAL,GSM2649730,OSHN017L_BC11,OSHN017,NORMAL,16,Male,Humerus,Yes,7.3,,,,,,,,,,
SRR5644784,TUMOR,GSM2649731,OSHN017B_BC12,OSHN017,TUMOR,16,Male,Humerus,Yes,8.2,,,,,,,,,,
SRR5644751,NORMAL,GSM2649698,OSDN001B_BC3,OSDN001,NORMAL,23,Male,Tibia,Yes,5.8,,,,,,,,,,
SRR5644752,TUMOR,GSM2649699,OSDN001M_BC4,OSDN001,TUMOR,23,Male,Tibia,Yes,8.4,,,,,,,,,,
,,,,,,,,,,,,,,,,,,,,
,,,,,,,,,,,,,,,,,,,,
,,,,,,,,,,,,,,,,,,,,
,,,,,,,,,,,,,,,,,,,,
,,,,,,,,,,,,,,,,,,,,
,,,,,,,,,,,,,,,,,,,,
,,,,,,,,,,,,,,,,,,,,
,,,,,,,,,,,,,,,,,,,,
,,,,,,,,,,,,,,,,,,,,
,,,,,,,,,,,,,,,,,,,,
,,,,,,,,,,,,,,,,,,,,
,,,,,,,,,,,,,,,,,,,,
,,,,,,,,,,,,,,,,,,,,
,,,,,,,,,,,,,,,,,,,,
,,,,,,,,,,,,,,,,,,,,
,,,,,,,,,,,,,,,,,,,,
,,,,,,,,,,,,,,,,,,,,
,,,,,,,,,,,,,,,,,,,,
,,,,,,,,,,,,,,,,,,,,
,,,,,,,,,,,,,,,,,,,,
,,,,,,,,,,,,,,,,,,,,
,,,,,,,,,,,,,,,,,,,,
,,,,,,,,,,,,,,,,,,,,
,,,,,,,,,,,,,,,,,,,,
,,,,,,,,,,,,,,,,,,,,
,,,,,,,,,,,,,,,,,,,,
,,,,,,,,,,,,,,,,,,,,
,,,,,,,,,,,,,,,,,,,,
,,,,,,,,,,,,,,,,,,,,
,,,,,,,,,,,,,,,,,,,,
,,,,,,,,,,,,,,,,,,,,
,,,,,,,,,,,,,,,,,,,,
,,,,,,,,,,,,,,,,,,,,
,,,,,,,,,,,,,,,,,,,,
,,,,,,,,,,,,,,,,,,,,
,,,,,,,,,,,,,,,,,,,,
,,,,,,,,,,,,,,,,,,,,
,,,,,,,,,,,,,,,,,,,,
,,,,,,,,,,,,,,,,,,,,
,,,,,,,,,,,,,,,,,,,,
,,,,,,,,,,,,,,,,,,,,
,,,,,,,,,,,,,,,,,,,,
,,,,,,,,,,,,,,,,,,,,
,,,,,,,,,,,,,,,,,,,,
,,,,,,,,,,,,,,,,,,,,
,,,,,,,,,,,,,,,,,,,,
,,,,,,,,,,,,,,,,,,,,
,,,,,,,,,,,,,,,,,,,,